"lhs","op","rhs","block","group","label.x","est.x","se.x","z.x","pvalue.x","ci.lower.x","ci.upper.x","label.y","est.y","se.y","z.y","pvalue.y","ci.lower.y","ci.upper.y"
"Benev","=~","iphlppl_r","Austria",1,"",NA,0,NA,NA,1,1,"",NA,0,NA,NA,1,1
"Benev","=~","iplylfr_r","Austria",1,".p2.",0.862,0.0136103318005572,63.3673732108657,0,0.835775214582893,0.889126734876357,".p2.",0.883,0.01317319860059,67.02073984456,0,0.857058521512515,0.908696511149215
"Unive","=~","ipeqopt_r","Austria",1,"",NA,0,NA,NA,1,1,"",NA,0,NA,NA,1,1
"Unive","=~","ipudrst_r","Austria",1,".p4.",1.08,0.0204775822701508,52.7385860900557,0,1.0398234117306,1.1200940592105,".p4.",1.131,0.0208663609263025,54.1889305020469,0,1.08982846616207,1.17162309797
"Unive","=~","impenv_r","Austria",1,".p5.",0.951,0.0192213744019469,49.4902300996379,0,0.913597040422466,0.988943443544818,".p5.",1.003,0.0195562210628974,51.3059374028638,0,0.965020764732597,1.04167974264656
"Benev","~~","Unive","Austria",1,"",0.463,0.0266877230951309,17.3598131991902,0,0.410986911547354,0.515600863739023,"",0.41,0.0319911841745153,12.8034808397944,0,0.346896944815903,0.472300082425579
"iphlppl_r","~~","iphlppl_r","Austria",1,"",0.555,0.0383687587204696,14.4648247682755,0,0.479795986244206,0.630198756691461,"",0.541,0.029761931962438,18.1906503563571,0,0.483056583501688,0.599721213015108
"iplylfr_r","~~","iplylfr_r","Austria",1,"",0.502,0.030418620266108,16.5046258763342,0,0.442428546985417,0.56166734734736,"",0.398,0.024261115111294,16.3942056545115,0,0.350190798699414,0.445292622385247
"ipeqopt_r","~~","ipeqopt_r","Austria",1,"",0.713,0.0469471703260755,15.1847683839764,0,0.620867144669371,0.804896670699722,"",0.695,0.0344404625856429,20.1667700749527,0,0.627050823960911,0.76205495651843
"ipudrst_r","~~","ipudrst_r","Austria",1,"",0.74,0.0484921738724976,15.2700774414096,0,0.64543633601319,0.835522164657489,"",0.715,0.0354898280248735,20.156299954514,0,0.645784834257194,0.784902403749738
"impenv_r","~~","impenv_r","Austria",1,"",0.665,0.0367899896354682,18.0857909663399,0,0.593269007523768,0.737483116878007,"",0.505,0.026854788736572,18.8016551601281,0,0.452280058487006,0.557548895959233
"Benev","~~","Benev","Austria",1,"",0.587,0.0403923751442598,14.5285484035816,0,0.507674976886225,0.666010177951785,"",0.428,0.0399909971295574,10.6972982848164,0,0.349414710922333,0.506176539081887
"Unive","~~","Unive","Austria",1,"",0.469,0.031689020464205,14.7965294875424,0,0.406778186914749,0.530996864545138,"",0.382,0.0313984306607559,12.1551126380005,0,0.320111668071778,0.443191254604097
"iphlppl_r","~1","","Austria",1,".p14.",4.863,0.0233792526338243,208.02464031078,0,4.81763812673841,4.90928311303392,".p14.",5.023,0.0191662324090617,262.05587402781,0,4.98505866053572,5.06018891101789
"iplylfr_r","~1","","Austria",1,".p15.",5.114,0.0202368439501724,252.688485447536,0,5.0739539627041,5.15328093331029,".p15.",5.256,0.0168331722318731,312.225861052608,0,5.22275928302339,5.28874410566345
"ipeqopt_r","~1","","Austria",1,".p16.",4.793,0.0213526151768782,224.48100676568,0,4.75140619526334,4.83510690870819,".p16.",4.928,0.0179134163745963,275.083095621639,0,4.89256837854903,4.96278768041758
"ipudrst_r","~1","","Austria",1,".p17.",4.629,0.0228184626267529,202.874635836838,0,4.58456393082798,4.67401066068999,".p17.",4.772,0.0199661494551391,238.99204768332,0,4.73261800879288,4.81088387647691
"impenv_r","~1","","Austria",1,".p18.",4.843,0.020447782196205,236.843033432203,0,4.80283784564191,4.88299167897847,".p18.",5.108,0.0175901696862415,290.36781210491,0,5.07314298728109,5.14209518541506
"Benev","~1","","Austria",1,"",NA,0,NA,NA,0,0,"",NA,0,NA,NA,0,0
"Unive","~1","","Austria",1,"",NA,0,NA,NA,0,0,"",NA,0,NA,NA,0,0
"Benev","=~","iphlppl_r","Belgium",2,"",NA,0,NA,NA,1,1,"",NA,0,NA,NA,1,1
"Benev","=~","iplylfr_r","Belgium",2,".p2.",0.862,0.0136103318005573,63.3673732108657,0,0.835775214582893,0.889126734876358,".p2.",0.883,0.01317319860059,67.02073984456,0,0.857058521512516,0.908696511149215
"Unive","=~","ipeqopt_r","Belgium",2,"",NA,0,NA,NA,1,1,"",NA,0,NA,NA,1,1
"Unive","=~","ipudrst_r","Belgium",2,".p4.",1.08,0.0204775822701508,52.7385860900557,0,1.0398234117306,1.1200940592105,".p4.",1.131,0.0208663609263025,54.188930502047,0,1.08982846616207,1.17162309797
"Unive","=~","impenv_r","Belgium",2,".p5.",0.951,0.0192213744019469,49.4902300996379,0,0.913597040422466,0.988943443544819,".p5.",1.003,0.0195562210628974,51.3059374028638,0,0.965020764732597,1.04167974264656
"Benev","~~","Unive","Belgium",2,"",0.192,0.013032280373271,14.7320401143293,0,0.166449277072175,0.217534877408254,"",0.189,0.0122877817197878,15.416003967988,0,0.165344882129345,0.213512101370692
"iphlppl_r","~~","iphlppl_r","Belgium",2,"",0.354,0.0216617829898993,16.3459009156056,0,0.31162504390712,0.39653767290937,"",0.316,0.0227326672887077,13.8832984651655,0,0.271049195720035,0.360159614036833
"iplylfr_r","~~","iplylfr_r","Belgium",2,"",0.288,0.0210058684633611,13.6959654772004,0,0.246524903640633,0.32886639494498,"",0.279,0.0178490227027274,15.650094972941,0,0.244355458815281,0.314322342128448
"ipeqopt_r","~~","ipeqopt_r","Belgium",2,"",0.56,0.0308033165320376,18.1656864898873,0,0.499189999962576,0.619936781976938,"",0.579,0.0355117814177804,16.3020459984848,0,0.509312881555085,0.648516506766501
"ipudrst_r","~~","ipudrst_r","Belgium",2,"",0.528,0.0305691935758749,17.2752348744362,0,0.468175480500196,0.588004517390492,"",0.516,0.0324548415559668,15.9065798486517,0,0.452635208111675,0.579855849258973
"impenv_r","~~","impenv_r","Belgium",2,"",0.573,0.0297023230832499,19.276142002704,0,0.514330714062576,0.630761681063261,"",0.561,0.0296631470852003,18.9120075102687,0,0.502850960498407,0.619128360408621
"Benev","~~","Benev","Belgium",2,"",0.235,0.0178215737653993,13.161981711094,0,0.199637585235091,0.269496870691104,"",0.305,0.0207229473900053,14.7260181502743,0,0.26455026885447,0.345782729930328
"Unive","~~","Unive","Belgium",2,"",0.218,0.0164016219069724,13.3000897078788,0,0.185996454491734,0.250289630943152,"",0.197,0.014059604121887,13.9794106387552,0,0.168988661722404,0.224101297153983
"iphlppl_r","~1","","Belgium",2,".p14.",4.863,0.0233792526338243,208.02464031078,0,4.81763812673841,4.90928311303392,".p14.",5.023,0.0191662324090617,262.05587402781,0,4.98505866053572,5.06018891101789
"iplylfr_r","~1","","Belgium",2,".p15.",5.114,0.0202368439501725,252.688485447535,0,5.0739539627041,5.15328093331029,".p15.",5.256,0.0168331722318731,312.225861052608,0,5.22275928302339,5.28874410566345
"ipeqopt_r","~1","","Belgium",2,".p16.",4.793,0.0213526151768782,224.481006765681,0,4.75140619526334,4.83510690870819,".p16.",4.928,0.0179134163745963,275.083095621639,0,4.89256837854902,4.96278768041758
"ipudrst_r","~1","","Belgium",2,".p17.",4.629,0.022818462626753,202.874635836837,0,4.58456393082798,4.67401066068999,".p17.",4.772,0.0199661494551391,238.99204768332,0,4.73261800879288,4.81088387647691
"impenv_r","~1","","Belgium",2,".p18.",4.843,0.020447782196205,236.843033432203,0,4.80283784564191,4.88299167897847,".p18.",5.108,0.0175901696862415,290.367812104911,0,5.07314298728109,5.14209518541506
"Benev","~1","","Belgium",2,"",0.146,0.0278880199396991,5.23893508243926,1.61505833595754e-07,0.09144401135991,0.2007630407238,"",NA,0.0250020422352603,-1.20203467527325,0.229350093767852,-0.0790564240404888,0.0189497806016302
"Unive","~1","","Belgium",2,"",0.104,0.025713463737285,4.04652698337379,5.1983134965905e-05,0.0536527620060718,0.154447687691782,"",NA,0.0224435726993094,-1.36016595335189,0.173777413951663,-0.0745155776322314,0.0134616107178743
"Benev","=~","iphlppl_r","Czechia",3,"",NA,0,NA,NA,1,1,"",NA,0,NA,NA,1,1
"Benev","=~","iplylfr_r","Czechia",3,".p2.",0.862,0.0136103318005572,63.3673732108658,0,0.835775214582893,0.889126734876358,".p2.",0.883,0.01317319860059,67.0207398445601,0,0.857058521512516,0.908696511149216
"Unive","=~","ipeqopt_r","Czechia",3,"",NA,0,NA,NA,1,1,"",NA,0,NA,NA,1,1
"Unive","=~","ipudrst_r","Czechia",3,".p4.",1.08,0.0204775822701508,52.7385860900557,0,1.0398234117306,1.1200940592105,".p4.",1.131,0.0208663609263025,54.1889305020471,0,1.08982846616207,1.17162309797
"Unive","=~","impenv_r","Czechia",3,".p5.",0.951,0.0192213744019469,49.4902300996379,0,0.913597040422466,0.988943443544818,".p5.",1.003,0.0195562210628974,51.3059374028638,0,0.965020764732597,1.04167974264656
"Benev","~~","Unive","Czechia",3,"",0.506,0.0277212648008271,18.2575916689534,0,0.451790852664914,0.560456213895952,"",0.45,0.0236026233333293,19.0548858816074,0,0.403485002449164,0.496005585797145
"iphlppl_r","~~","iphlppl_r","Czechia",3,"",0.585,0.0394799901744853,14.8226667099019,0,0.50781937721461,0.662578094918583,"",0.715,0.0359979521198145,19.8688730030487,0,0.644684049366388,0.785793428710456
"iplylfr_r","~~","iplylfr_r","Czechia",3,"",0.599,0.0363423857309134,16.4833137000997,0,0.527813177467819,0.670272711757524,"",0.506,0.02807291937237,18.0233849434088,0,0.450947121422761,0.560990943244245
"ipeqopt_r","~~","ipeqopt_r","Czechia",3,"",0.966,0.0705136902554253,13.6976574935942,0,0.827668084410558,1.10407667104585,"",0.998,0.0436107762032141,22.8841090511321,0,0.912518207742734,1.08346930913501
"ipudrst_r","~~","ipudrst_r","Czechia",3,"",0.781,0.0475745934304323,16.4072893510873,0,0.687325630470654,0.873814609876221,"",0.914,0.040153608389796,22.7668716650456,0,0.835472422805657,0.992871675392309
"impenv_r","~~","impenv_r","Czechia",3,"",0.747,0.0743625947800496,10.0463988222627,0,0.601328277052846,0.892824292184533,"",0.745,0.027598429790541,26.9769868874009,0,0.690430550152962,0.798614406991597
"Benev","~~","Benev","Czechia",3,"",0.527,0.0388026307832985,13.5831586904547,0,0.451010532695997,0.603114050377337,"",0.524,0.0352710239240995,14.8632341222436,0,0.455111549726061,0.593371422904233
"Unive","~~","Unive","Czechia",3,"",0.425,0.0295953100470989,14.3603601535433,0,0.366993569328509,0.483005052935729,"",0.286,0.0232161960236555,12.3298448953557,0,0.24074918796746,0.331755004096233
"iphlppl_r","~1","","Czechia",3,".p14.",4.863,0.0233792526338243,208.02464031078,0,4.8176381267384,4.90928311303392,".p14.",5.023,0.0191662324090617,262.055874027809,0,4.98505866053571,5.06018891101788
"iplylfr_r","~1","","Czechia",3,".p15.",5.114,0.0202368439501724,252.688485447535,0,5.0739539627041,5.15328093331029,".p15.",5.256,0.0168331722318731,312.225861052608,0,5.22275928302339,5.28874410566345
"ipeqopt_r","~1","","Czechia",3,".p16.",4.793,0.0213526151768782,224.48100676568,0,4.75140619526334,4.83510690870819,".p16.",4.928,0.0179134163745963,275.083095621639,0,4.89256837854902,4.96278768041758
"ipudrst_r","~1","","Czechia",3,".p17.",4.629,0.022818462626753,202.874635836837,0,4.58456393082798,4.67401066068999,".p17.",4.772,0.0199661494551391,238.99204768332,0,4.73261800879288,4.81088387647691
"impenv_r","~1","","Czechia",3,".p18.",4.843,0.020447782196205,236.843033432203,0,4.8028378456419,4.88299167897847,".p18.",5.108,0.0175901696862416,290.36781210491,0,5.07314298728109,5.14209518541506
"Benev","~1","","Czechia",3,"",-0.619,0.0359291324089227,-17.2328765469588,0,-0.68958210875956,-0.548742497725041,"",-0.617,0.0290490921436455,-21.2389212722469,0,-0.673906555454263,-0.560036206684002
"Unive","~1","","Czechia",3,"",-0.423,0.0341835254363801,-12.38779801213,0,-0.490457087168299,-0.356460129728471,"",-0.417,0.0247950405277414,-16.8075575261727,0,-0.465341456463381,-0.368146683604213
"Benev","=~","iphlppl_r","Estonia",4,"",NA,0,NA,NA,1,1,"",NA,0,NA,NA,1,1
"Benev","=~","iplylfr_r","Estonia",4,".p2.",0.862,0.0136103318005573,63.3673732108657,0,0.835775214582893,0.889126734876357,".p2.",0.883,0.01317319860059,67.02073984456,0,0.857058521512515,0.908696511149215
"Unive","=~","ipeqopt_r","Estonia",4,"",NA,0,NA,NA,1,1,"",NA,0,NA,NA,1,1
"Unive","=~","ipudrst_r","Estonia",4,".p4.",1.08,0.0204775822701508,52.7385860900557,0,1.0398234117306,1.1200940592105,".p4.",1.131,0.0208663609263025,54.1889305020469,0,1.08982846616207,1.17162309797
"Unive","=~","impenv_r","Estonia",4,".p5.",0.951,0.0192213744019469,49.4902300996379,0,0.913597040422466,0.988943443544818,".p5.",1.003,0.0195562210628974,51.3059374028638,0,0.965020764732596,1.04167974264656
"Benev","~~","Unive","Estonia",4,"",0.283,0.0177471876607906,15.9264889879339,0,0.247866540204356,0.317434237488402,"",0.23,0.0147330765391088,15.5934367615413,0,0.200862997917416,0.258615596713666
"iphlppl_r","~~","iphlppl_r","Estonia",4,"",0.566,0.0291311002650867,19.428854834495,0,0.508888010869892,0.623079825569083,"",0.537,0.0286863485013485,18.7080513909591,0,0.480441472071583,0.592889891892798
"iplylfr_r","~~","iplylfr_r","Estonia",4,"",0.395,0.0247554535322343,15.9489615055264,0,0.346303978093317,0.443343572781585,"",0.419,0.0256733059125635,16.3324662371303,0,0.368989647059757,0.469627156965165
"ipeqopt_r","~~","ipeqopt_r","Estonia",4,"",1.294,0.0439255960566965,29.4640842042172,0,1.20813487466436,1.38032004720552,"",1.371,0.0429332924795947,31.9242945266886,0,1.28646736712132,1.45476278111678
"ipudrst_r","~~","ipudrst_r","Estonia",4,"",0.726,0.0367810370035433,19.7493793292652,0,0.654313144065738,0.798492159747697,"",0.729,0.0359665857533799,20.2796179998968,0,0.658895407115578,0.79988183256257
"impenv_r","~~","impenv_r","Estonia",4,"",0.649,0.0283256404581442,22.9042956811269,0,0.593261609273634,0.704296079547621,"",0.58,0.0279990882424938,20.698996487835,0,0.524675824638714,0.634430233749208
"Benev","~~","Benev","Estonia",4,"",0.394,0.0285168608447391,13.8129111821498,0,0.338008845834278,0.449792886249936,"",0.333,0.0252856203689061,13.1834904539858,0,0.283793829506773,0.38291164000639
"Unive","~~","Unive","Estonia",4,"",0.22,0.0198833276619498,11.0679706457267,0,0.181097480791595,0.259038693012056,"",0.162,0.0155074140937289,10.4605060884043,0,0.1318214264258,0.192609372659915
"iphlppl_r","~1","","Estonia",4,".p14.",4.863,0.0233792526338243,208.02464031078,0,4.81763812673841,4.90928311303392,".p14.",5.023,0.0191662324090617,262.05587402781,0,4.98505866053572,5.06018891101789
"iplylfr_r","~1","","Estonia",4,".p15.",5.114,0.0202368439501724,252.688485447536,0,5.0739539627041,5.15328093331029,".p15.",5.256,0.0168331722318731,312.225861052608,0,5.22275928302339,5.28874410566345
"ipeqopt_r","~1","","Estonia",4,".p16.",4.793,0.0213526151768782,224.48100676568,0,4.75140619526334,4.83510690870819,".p16.",4.928,0.0179134163745962,275.08309562164,0,4.89256837854902,4.96278768041758
"ipudrst_r","~1","","Estonia",4,".p17.",4.629,0.0228184626267529,202.874635836837,0,4.58456393082798,4.67401066069,".p17.",4.772,0.0199661494551391,238.99204768332,0,4.73261800879288,4.81088387647691
"impenv_r","~1","","Estonia",4,".p18.",4.843,0.0204477821962051,236.843033432202,0,4.80283784564191,4.88299167897847,".p18.",5.108,0.0175901696862416,290.36781210491,0,5.07314298728109,5.14209518541506
"Benev","~1","","Estonia",4,"",-0.237,0.0295823428494005,-8.02011902679343,1.11022302462516e-15,-0.295234237306744,-0.179273584180462,"",-0.414,0.0261157779840323,-15.8570226759363,0,-0.465304467969467,-0.362932499415572
"Unive","~1","","Estonia",4,"",-0.072,0.0260265228303322,-2.76720613928039,0.00565389920642723,-0.123031801150477,-0.0210097063699559,"",-0.183,0.0226287544678035,-8.08992859642782,6.66133814775094e-16,-0.227416551642522,-0.138713464098733
"Benev","=~","iphlppl_r","France",5,"",NA,0,NA,NA,1,1,"",NA,0,NA,NA,1,1
"Benev","=~","iplylfr_r","France",5,".p2.",0.862,0.0136103318005573,63.3673732108657,0,0.835775214582893,0.889126734876357,".p2.",0.883,0.01317319860059,67.02073984456,0,0.857058521512515,0.908696511149215
"Unive","=~","ipeqopt_r","France",5,"",NA,0,NA,NA,1,1,"",NA,0,NA,NA,1,1
"Unive","=~","ipudrst_r","France",5,".p4.",1.08,0.0204775822701508,52.7385860900557,0,1.0398234117306,1.1200940592105,".p4.",1.131,0.0208663609263025,54.188930502047,0,1.08982846616207,1.17162309797
"Unive","=~","impenv_r","France",5,".p5.",0.951,0.0192213744019469,49.490230099638,0,0.913597040422466,0.988943443544818,".p5.",1.003,0.0195562210628974,51.3059374028638,0,0.965020764732597,1.04167974264656
"Benev","~~","Unive","France",5,"",0.393,0.0215003396235738,18.2724854405468,0,0.350724751420981,0.435004534056149,"",0.345,0.0225857824936863,15.2834719715577,0,0.300921853447671,0.389456493948232
"iphlppl_r","~~","iphlppl_r","France",5,"",0.627,0.0399530237533828,15.6876180884026,0,0.548461290489841,0.705074265750049,"",0.647,0.0411667319509428,15.7109935920402,0,0.566084949901434,0.727455573871559
"iplylfr_r","~~","iplylfr_r","France",5,"",0.571,0.0409640443913735,13.9377988605784,0,0.490660559574574,0.651236662910958,"",0.536,0.0448839206240299,11.9350218436357,0,0.447719705167757,0.623661440983864
"ipeqopt_r","~~","ipeqopt_r","France",5,"",0.879,0.0450402473593442,19.5109697066695,0,0.790501639129976,0.967056164488156,"",0.777,0.0455637478353376,17.0628537762463,0,0.688144262054199,0.866750871570052
"ipudrst_r","~~","ipudrst_r","France",5,"",0.864,0.0424762526093512,20.3359441220979,0,0.780542774267326,0.947046624892434,"",0.832,0.0460055818623287,18.0841105202125,0,0.741800743407063,0.92213931048301
"impenv_r","~~","impenv_r","France",5,"",1.18,0.0474661128977499,24.8630988994819,0,1.08712278758503,1.27318653111643,"",0.991,0.0489691513510404,20.2317908867481,0,0.894755857034237,1.0867114030373
"Benev","~~","Benev","France",5,"",0.584,0.0367030797734216,15.9168960647002,0,0.512262391530346,0.65613582048556,"",0.528,0.0344903453243705,15.2988338782082,0,0.460062228869463,0.595261898169694
"Unive","~~","Unive","France",5,"",0.381,0.0252265668003986,15.1036789324324,0,0.331570803138404,0.430457127903154,"",0.327,0.0235583099389619,13.862382552562,0,0.280400865648717,0.372747743682711
"iphlppl_r","~1","","France",5,".p14.",4.863,0.0233792526338243,208.02464031078,0,4.8176381267384,4.90928311303392,".p14.",5.023,0.0191662324090617,262.05587402781,0,4.98505866053572,5.06018891101789
"iplylfr_r","~1","","France",5,".p15.",5.114,0.0202368439501724,252.688485447535,0,5.0739539627041,5.15328093331029,".p15.",5.256,0.0168331722318731,312.225861052608,0,5.22275928302339,5.28874410566345
"ipeqopt_r","~1","","France",5,".p16.",4.793,0.0213526151768782,224.481006765681,0,4.75140619526334,4.83510690870819,".p16.",4.928,0.0179134163745963,275.083095621639,0,4.89256837854902,4.96278768041758
"ipudrst_r","~1","","France",5,".p17.",4.629,0.0228184626267529,202.874635836838,0,4.58456393082798,4.67401066068999,".p17.",4.772,0.0199661494551391,238.99204768332,0,4.73261800879288,4.81088387647691
"impenv_r","~1","","France",5,".p18.",4.843,0.020447782196205,236.843033432203,0,4.80283784564191,4.88299167897847,".p18.",5.108,0.0175901696862416,290.36781210491,0,5.07314298728109,5.14209518541506
"Benev","~1","","France",5,"",NA,0.0328351613007929,-0.472285811617447,0.636722796320281,-0.0798633143806521,0.0488481527715826,"",-0.126,0.0293889677189155,-4.29964520740458,1.71071758150454e-05,-0.183963452475087,-0.0687608159313183
"Unive","~1","","France",5,"",0.091,0.0287683082092439,3.16399371902661,0.00155620153897607,0.0346378984948033,0.147407594467335,"",NA,0.0254376461383581,0.86842895571349,0.385159549067487,-0.0277660818109126,0.0719476587543999
"Benev","=~","iphlppl_r","Germany",6,"",NA,0,NA,NA,1,1,"",NA,0,NA,NA,1,1
"Benev","=~","iplylfr_r","Germany",6,".p2.",0.862,0.0136103318005573,63.3673732108656,0,0.835775214582892,0.889126734876357,".p2.",0.883,0.01317319860059,67.02073984456,0,0.857058521512515,0.908696511149215
"Unive","=~","ipeqopt_r","Germany",6,"",NA,0,NA,NA,1,1,"",NA,0,NA,NA,1,1
"Unive","=~","ipudrst_r","Germany",6,".p4.",1.08,0.0204775822701508,52.7385860900557,0,1.0398234117306,1.1200940592105,".p4.",1.131,0.0208663609263025,54.188930502047,0,1.08982846616207,1.17162309797
"Unive","=~","impenv_r","Germany",6,".p5.",0.951,0.0192213744019469,49.4902300996379,0,0.913597040422466,0.988943443544818,".p5.",1.003,0.0195562210628974,51.3059374028638,0,0.965020764732596,1.04167974264656
"Benev","~~","Unive","Germany",6,"",0.208,0.0141935261712795,14.6859892874486,0,0.180627173193198,0.236264773411866,"",0.163,0.0113266388682592,14.3827455183661,0,0.140708360172927,0.185107968668286
"iphlppl_r","~~","iphlppl_r","Germany",6,"",0.549,0.0285492451741974,19.2310111138297,0,0.493075358909207,0.604986343563668,"",0.538,0.0250890904420685,21.4507480452339,0,0.489006044085576,0.58735347142822
"iplylfr_r","~~","iplylfr_r","Germany",6,"",0.322,0.0236486673441718,13.6295791452654,0,0.275970846970498,0.368671919524388,"",0.324,0.0206612631834347,15.6850945392623,0,0.283578534618118,0.364569198047389
"ipeqopt_r","~~","ipeqopt_r","Germany",6,"",0.855,0.0401947619515684,21.2779810390632,0,0.776483096882895,0.934043668467365,"",0.884,0.0427998144532978,20.6500283208939,0,0.799931285716143,0.967703475463064
"ipudrst_r","~~","ipudrst_r","Germany",6,"",0.565,0.0316471385593872,17.8535115643781,0,0.502985302459347,0.627039806039643,"",0.585,0.0314545818590393,18.6066637397642,0,0.523614980133547,0.646914675318515
"impenv_r","~~","impenv_r","Germany",6,"",0.845,0.0351465764958408,24.0349496483063,0,0.775860172276148,0.913632220499608,"",0.735,0.0333179274343496,22.0598056993984,0,0.669685067697564,0.800288943319252
"Benev","~~","Benev","Germany",6,"",0.248,0.0214422621159077,11.5705684714984,0,0.206073100501678,0.290125223490172,"",0.194,0.0188723801016119,10.2612572717596,0,0.156665162251367,0.230643532854786
"Unive","~~","Unive","Germany",6,"",0.23,0.0176245992332669,13.0340798021823,0,0.195176853148727,0.264264012627038,"",0.175,0.0144710562206663,12.0594099644203,0,0.146149650572429,0.202875148593949
"iphlppl_r","~1","","Germany",6,".p14.",4.863,0.0233792526338243,208.02464031078,0,4.81763812673841,4.90928311303392,".p14.",5.023,0.0191662324090617,262.05587402781,0,4.98505866053572,5.06018891101789
"iplylfr_r","~1","","Germany",6,".p15.",5.114,0.0202368439501725,252.688485447535,0,5.0739539627041,5.15328093331029,".p15.",5.256,0.016833172231873,312.225861052608,0,5.22275928302339,5.28874410566345
"ipeqopt_r","~1","","Germany",6,".p16.",4.793,0.0213526151768781,224.481006765681,0,4.75140619526334,4.83510690870819,".p16.",4.928,0.0179134163745962,275.08309562164,0,4.89256837854902,4.96278768041758
"ipudrst_r","~1","","Germany",6,".p17.",4.629,0.0228184626267529,202.874635836837,0,4.58456393082798,4.67401066068999,".p17.",4.772,0.0199661494551391,238.99204768332,0,4.73261800879288,4.81088387647691
"impenv_r","~1","","Germany",6,".p18.",4.843,0.020447782196205,236.843033432203,0,4.80283784564191,4.88299167897847,".p18.",5.108,0.0175901696862416,290.36781210491,0,5.07314298728109,5.14209518541506
"Benev","~1","","Germany",6,"",0.269,0.0273870598886141,9.82119907955651,0,0.215296116345691,0.322651418393941,"",0.109,0.0232545320075837,4.6916657931564,2.70989541872879e-06,0.0635244471436431,0.154680537568039
"Unive","~1","","Germany",6,"",0.19,0.0251540521255085,7.54901484374194,4.39648317751562e-14,0.140587276644482,0.239189349106962,"",0.064,0.0215650876251272,2.97770690587347,0.00290413552999458,0.0219477152784081,0.106481305415807
"Benev","=~","iphlppl_r","Ireland",7,"",NA,0,NA,NA,1,1,"",NA,0,NA,NA,1,1
"Benev","=~","iplylfr_r","Ireland",7,".p2.",0.862,0.0136103318005572,63.3673732108657,0,0.835775214582893,0.889126734876357,".p2.",0.883,0.01317319860059,67.02073984456,0,0.857058521512516,0.908696511149215
"Unive","=~","ipeqopt_r","Ireland",7,"",NA,0,NA,NA,1,1,"",NA,0,NA,NA,1,1
"Unive","=~","ipudrst_r","Ireland",7,".p4.",1.08,0.0204775822701508,52.7385860900557,0,1.0398234117306,1.1200940592105,".p4.",1.131,0.0208663609263025,54.188930502047,0,1.08982846616207,1.17162309797
"Unive","=~","impenv_r","Ireland",7,".p5.",0.951,0.0192213744019469,49.4902300996379,0,0.913597040422466,0.988943443544818,".p5.",1.003,0.0195562210628974,51.3059374028637,0,0.965020764732596,1.04167974264656
"Benev","~~","Unive","Ireland",7,"",0.497,0.0219491630606196,22.6363958831827,0,0.453830375255104,0.539869513434326,"",0.399,0.024202256198546,16.5008714838188,0,0.351922768656904,0.446793869644427
"iphlppl_r","~~","iphlppl_r","Ireland",7,"",0.471,0.0295664109085489,15.9157632326276,0,0.412622895126174,0.52852109619191,"",0.404,0.0288291176428294,14.0097852137685,0,0.347385713792489,0.460393778364517
"iplylfr_r","~~","iplylfr_r","Ireland",7,"",0.534,0.0272016742858417,19.6415595128952,0,0.480969002416312,0.58759760625519,"",0.523,0.0298475436937548,17.5100798609661,0,0.464132763064578,0.581132984398068
"ipeqopt_r","~~","ipeqopt_r","Ireland",7,"",0.721,0.0331248327042044,21.7659212049845,0,0.656069019473853,0.785915977662164,"",0.794,0.0461188297857207,17.2269376835017,0,0.704094961365487,0.884877452143778
"ipudrst_r","~~","ipudrst_r","Ireland",7,"",0.703,0.036877144167828,19.0594525288911,0,0.630580304246155,0.775136053089423,"",0.626,0.0407763320790917,15.3608108574494,0,0.546437382230808,0.706277666824139
"impenv_r","~~","impenv_r","Ireland",7,"",0.771,0.0373695030730548,20.6360707404854,0,0.697916828808999,0.844402589095692,"",0.699,0.0401790241961612,17.4022514597022,0,0.620456042108618,0.777954922825497
"Benev","~~","Benev","Ireland",7,"",0.637,0.0333417636385086,19.1076966628935,0,0.571735649897991,0.702432961723039,"",0.503,0.0353788418049789,14.2307770038076,0,0.434127152627143,0.57280966413214
"Unive","~~","Unive","Ireland",7,"",0.478,0.0243827508641718,19.6234334548497,0,0.430683975491464,0.526262602567043,"",0.374,0.0257250198545162,14.5455244886459,0,0.323763793848337,0.424604018681197
"iphlppl_r","~1","","Ireland",7,".p14.",4.863,0.0233792526338243,208.02464031078,0,4.81763812673841,4.90928311303392,".p14.",5.023,0.0191662324090617,262.05587402781,0,4.98505866053572,5.06018891101789
"iplylfr_r","~1","","Ireland",7,".p15.",5.114,0.0202368439501724,252.688485447536,0,5.0739539627041,5.15328093331029,".p15.",5.256,0.0168331722318731,312.225861052608,0,5.22275928302339,5.28874410566345
"ipeqopt_r","~1","","Ireland",7,".p16.",4.793,0.0213526151768781,224.481006765681,0,4.75140619526334,4.83510690870819,".p16.",4.928,0.0179134163745963,275.083095621639,0,4.89256837854902,4.96278768041758
"ipudrst_r","~1","","Ireland",7,".p17.",4.629,0.022818462626753,202.874635836837,0,4.58456393082798,4.67401066068999,".p17.",4.772,0.0199661494551391,238.99204768332,0,4.73261800879288,4.81088387647691
"impenv_r","~1","","Ireland",7,".p18.",4.843,0.0204477821962051,236.843033432202,0,4.80283784564191,4.88299167897847,".p18.",5.108,0.0175901696862416,290.36781210491,0,5.07314298728109,5.14209518541506
"Benev","~1","","Ireland",7,"",-0.12,0.031065840960474,-3.85909575735025,0.000113807341244554,-0.180773984481061,-0.0589981256171046,"",-0.095,0.0283278018116291,-3.3480341096339,0.000813869937151823,-0.150363918028265,-0.0393209754043016
"Unive","~1","","Ireland",7,"",NA,0.0275267581967963,-1.32368443880873,0.185607868650566,-0.0903881961528134,0.0175147132009136,"",NA,0.0252152872079806,-1.19538810090673,0.231935432519996,-0.0795631090768412,0.0192790004981098
"Benev","=~","iphlppl_r","Italy",8,"",NA,0,NA,NA,1,1,"",NA,0,NA,NA,1,1
"Benev","=~","iplylfr_r","Italy",8,".p2.",0.862,0.0136103318005572,63.3673732108657,0,0.835775214582893,0.889126734876358,".p2.",0.883,0.01317319860059,67.02073984456,0,0.857058521512515,0.908696511149215
"Unive","=~","ipeqopt_r","Italy",8,"",NA,0,NA,NA,1,1,"",NA,0,NA,NA,1,1
"Unive","=~","ipudrst_r","Italy",8,".p4.",1.08,0.0204775822701508,52.7385860900557,0,1.0398234117306,1.1200940592105,".p4.",1.131,0.0208663609263025,54.188930502047,0,1.08982846616207,1.17162309797
"Unive","=~","impenv_r","Italy",8,".p5.",0.951,0.0192213744019469,49.490230099638,0,0.913597040422467,0.988943443544819,".p5.",1.003,0.0195562210628974,51.3059374028638,0,0.965020764732597,1.04167974264656
"Benev","~~","Unive","Italy",8,"",0.422,0.0180546533292351,23.3919996550252,0,0.38694797417041,0.457720914727724,"",0.431,0.0192689063322762,22.392319003127,0,0.393709135000965,0.469241859866439
"iphlppl_r","~~","iphlppl_r","Italy",8,"",0.432,0.021325578805881,20.2735647752636,0,0.390548136882019,0.474142869700013,"",0.404,0.0197031505247552,20.5014432064132,0,0.365325556060187,0.44256048688117
"iplylfr_r","~~","iplylfr_r","Italy",8,"",0.386,0.0202629574940638,19.0736156140797,0,0.346773195537576,0.426202529354838,"",0.375,0.016585799266671,22.5805111029444,0,0.342008255274786,0.407023393709758
"ipeqopt_r","~~","ipeqopt_r","Italy",8,"",0.671,0.0291514830770736,23.0206885033743,0,0.613951354401704,0.72822306825569,"",0.7,0.0289954467800379,24.1499905120749,0,0.643409733226765,0.757069796035809
"ipudrst_r","~~","ipudrst_r","Italy",8,"",0.618,0.027795670751599,22.2217499349815,0,0.563189931117845,0.67214695831638,"",0.615,0.0261262354432311,23.5450846707186,0,0.56393794511766,0.666350906158353
"impenv_r","~~","impenv_r","Italy",8,"",0.472,0.017021834031921,27.7199179742358,0,0.438481661482523,0.50520602478929,"",0.502,0.0192148751327344,26.1371080341283,0,0.464560803978972,0.539881730434159
"Benev","~~","Benev","Italy",8,"",0.484,0.025766598407854,18.7794281751736,0,0.433380379235336,0.534383589002338,"",0.516,0.0251568073738628,20.5008501455225,0,0.466429501692553,0.565042374530119
"Unive","~~","Unive","Italy",8,"",0.374,0.0197191210614695,18.9461745726737,0,0.334953142963022,0.412250677137553,"",0.357,0.0197520027181993,18.056098185273,0,0.317930886485377,0.395357314385793
"iphlppl_r","~1","","Italy",8,".p14.",4.863,0.0233792526338243,208.02464031078,0,4.81763812673841,4.90928311303392,".p14.",5.023,0.0191662324090617,262.05587402781,0,4.98505866053572,5.06018891101789
"iplylfr_r","~1","","Italy",8,".p15.",5.114,0.0202368439501724,252.688485447536,0,5.0739539627041,5.15328093331029,".p15.",5.256,0.016833172231873,312.225861052608,0,5.22275928302339,5.28874410566345
"ipeqopt_r","~1","","Italy",8,".p16.",4.793,0.0213526151768781,224.481006765681,0,4.75140619526334,4.83510690870819,".p16.",4.928,0.0179134163745963,275.08309562164,0,4.89256837854903,4.96278768041758
"ipudrst_r","~1","","Italy",8,".p17.",4.629,0.0228184626267529,202.874635836837,0,4.58456393082798,4.67401066068999,".p17.",4.772,0.0199661494551391,238.99204768332,0,4.73261800879288,4.81088387647691
"impenv_r","~1","","Italy",8,".p18.",4.843,0.020447782196205,236.843033432203,0,4.80283784564191,4.88299167897847,".p18.",5.108,0.0175901696862416,290.36781210491,0,5.07314298728109,5.14209518541506
"Benev","~1","","Italy",8,"",-0.228,0.0288400506497648,-7.89733211303252,2.88657986402541e-15,-0.284284918723722,-0.171233997552022,"",-0.41,0.0254297818545095,-16.1256501079203,0,-0.45991322107611,-0.360230307937012
"Unive","~1","","Italy",8,"",NA,0.025724565361768,-0.966532529875103,0.333777777449465,-0.0752828508660588,0.0255555923879648,"",-0.235,0.0226023042276508,-10.3846589942909,0,-0.279016924143186,-0.19041751963556
"Benev","=~","iphlppl_r","Netherlands",9,"",NA,0,NA,NA,1,1,"",NA,0,NA,NA,1,1
"Benev","=~","iplylfr_r","Netherlands",9,".p2.",0.862,0.0136103318005572,63.3673732108657,0,0.835775214582892,0.889126734876357,".p2.",0.883,0.01317319860059,67.02073984456,0,0.857058521512515,0.908696511149215
"Unive","=~","ipeqopt_r","Netherlands",9,"",NA,0,NA,NA,1,1,"",NA,0,NA,NA,1,1
"Unive","=~","ipudrst_r","Netherlands",9,".p4.",1.08,0.0204775822701508,52.7385860900557,0,1.0398234117306,1.1200940592105,".p4.",1.131,0.0208663609263025,54.1889305020471,0,1.08982846616207,1.17162309797
"Unive","=~","impenv_r","Netherlands",9,".p5.",0.951,0.0192213744019469,49.490230099638,0,0.913597040422466,0.988943443544818,".p5.",1.003,0.0195562210628974,51.3059374028637,0,0.965020764732597,1.04167974264656
"Benev","~~","Unive","Netherlands",9,"",0.159,0.0134891719985478,11.8080275711729,0,0.132842223572726,0.185718806169566,"",0.145,0.0124262194606095,11.6743267431378,0,0.120712803558308,0.169422688771879
"iphlppl_r","~~","iphlppl_r","Netherlands",9,"",0.401,0.0307393899438971,13.044928173714,0,0.340745036725153,0.461241231118695,"",0.381,0.0266506503087268,14.3006876230361,0,0.328888310246197,0.433356939785548
"iplylfr_r","~~","iplylfr_r","Netherlands",9,"",0.418,0.0332674233189519,12.5687314281893,0,0.352926357440194,0.483332260567381,"",0.361,0.025842997569199,13.9543522468123,0,0.309970946705931,0.411273635682304
"ipeqopt_r","~~","ipeqopt_r","Netherlands",9,"",0.522,0.038411225447708,13.5931545876376,0,0.446845106931738,0.59741434389085,"",0.487,0.0332471083384496,14.6551760728056,0,0.422079091678161,0.552405361545086
"ipudrst_r","~~","ipudrst_r","Netherlands",9,"",0.583,0.0370304387202317,15.7543695099764,0,0.510812888491697,0.655969540938441,"",0.596,0.0350240233420581,17.0078204122487,0,0.527036474772007,0.664328123460255
"impenv_r","~~","impenv_r","Netherlands",9,"",0.724,0.0441829637777236,16.3835909482892,0,0.637278587682724,0.810472623151876,"",0.716,0.0358209381530641,19.9981841524554,0,0.646145969026249,0.786561466371134
"Benev","~~","Benev","Netherlands",9,"",0.238,0.0241318851714259,9.87028665220254,0,0.190890998284959,0.28548624991506,"",0.246,0.0207224714285438,11.8505184840629,0,0.204956733028818,0.28618732837003
"Unive","~~","Unive","Netherlands",9,"",0.195,0.0168597372938858,11.590499920385,0,0.162368305877672,0.228457261647318,"",0.179,0.016734882962617,10.7098433130089,0,0.146428206498948,0.212027742283393
"iphlppl_r","~1","","Netherlands",9,".p14.",4.863,0.0233792526338243,208.02464031078,0,4.81763812673841,4.90928311303392,".p14.",5.023,0.0191662324090617,262.05587402781,0,4.98505866053572,5.06018891101789
"iplylfr_r","~1","","Netherlands",9,".p15.",5.114,0.0202368439501724,252.688485447536,0,5.0739539627041,5.15328093331029,".p15.",5.256,0.0168331722318731,312.225861052608,0,5.22275928302339,5.28874410566345
"ipeqopt_r","~1","","Netherlands",9,".p16.",4.793,0.0213526151768782,224.48100676568,0,4.75140619526334,4.83510690870819,".p16.",4.928,0.0179134163745963,275.083095621639,0,4.89256837854902,4.96278768041758
"ipudrst_r","~1","","Netherlands",9,".p17.",4.629,0.0228184626267529,202.874635836837,0,4.58456393082798,4.67401066068999,".p17.",4.772,0.0199661494551391,238.99204768332,0,4.73261800879288,4.81088387647691
"impenv_r","~1","","Netherlands",9,".p18.",4.843,0.020447782196205,236.843033432203,0,4.80283784564191,4.88299167897847,".p18.",5.108,0.0175901696862415,290.367812104911,0,5.07314298728109,5.14209518541506
"Benev","~1","","Netherlands",9,"",NA,0.0297067854369694,0.887416316396886,0.374854802130864,-0.031861943448451,0.0845865156573872,"",-0.113,0.0251496395819585,-4.49887834449019,6.83129338896471e-06,-0.162437556691808,-0.0638527810822049
"Unive","~1","","Netherlands",9,"",0.091,0.0265871603044553,3.43283440714885,0.000597306783621798,0.0391594420335909,0.143379195329442,"",-0.057,0.0226831154020406,-2.52136582993148,0.0116900246763683,-0.101650521336263,-0.0127343428459322
"Benev","=~","iphlppl_r","Norway",10,"",NA,0,NA,NA,1,1,"",NA,0,NA,NA,1,1
"Benev","=~","iplylfr_r","Norway",10,".p2.",0.862,0.0136103318005572,63.3673732108657,0,0.835775214582893,0.889126734876357,".p2.",0.883,0.01317319860059,67.02073984456,0,0.857058521512515,0.908696511149215
"Unive","=~","ipeqopt_r","Norway",10,"",NA,0,NA,NA,1,1,"",NA,0,NA,NA,1,1
"Unive","=~","ipudrst_r","Norway",10,".p4.",1.08,0.0204775822701508,52.7385860900558,0,1.0398234117306,1.1200940592105,".p4.",1.131,0.0208663609263025,54.1889305020471,0,1.08982846616207,1.17162309797
"Unive","=~","impenv_r","Norway",10,".p5.",0.951,0.0192213744019469,49.490230099638,0,0.913597040422467,0.988943443544819,".p5.",1.003,0.0195562210628974,51.3059374028638,0,0.965020764732597,1.04167974264656
"Benev","~~","Unive","Norway",10,"",0.236,0.0179715010936575,13.1110126529286,0,0.200401083339373,0.270848073122755,"",0.2,0.0163691287536706,12.2405189511627,0,0.168283727907834,0.232449533538821
"iphlppl_r","~~","iphlppl_r","Norway",10,"",0.546,0.0316131121064595,17.2847888947454,0,0.484465407898186,0.608386530233961,"",0.564,0.0300332828225965,18.7828185308745,0,0.505245548473466,0.622973853813055
"iplylfr_r","~~","iplylfr_r","Norway",10,"",0.431,0.0266879520543553,16.1314542295797,0,0.378208052198383,0.482822901893719,"",0.392,0.0285089266147392,13.7340196650092,0,0.335665689352348,0.447418628157916
"ipeqopt_r","~~","ipeqopt_r","Norway",10,"",0.882,0.0461257818495536,19.122930157137,0,0.791655233568473,0.972464975936225,"",0.9,0.0459009311943187,19.5998629851873,0,0.809687790303438,0.989616134298869
"ipudrst_r","~~","ipudrst_r","Norway",10,"",0.636,0.0348909642438778,18.2399639098955,0,0.568024895285908,0.704794961893658,"",0.616,0.0345735161524429,17.8272454118344,0,0.548587710721919,0.684113403677323
"impenv_r","~~","impenv_r","Norway",10,"",1.235,0.0428815512901088,28.7994758382838,0,1.1509199041578,1.31901249641744,"",0.975,0.0454363197986154,21.4668871205431,0,0.886322797894444,1.06442989868511
"Benev","~~","Benev","Norway",10,"",0.322,0.0262145241619793,12.2717043225642,0,0.27031736624319,0.373076412701859,"",0.24,0.0239531236401304,10.0179158795448,0,0.19301311802727,0.286907637331051
"Unive","~~","Unive","Norway",10,"",0.235,0.0223793954188427,10.5188129645873,0,0.191541865654637,0.279267483688061,"",0.249,0.023188555421241,10.7495448273395,0,0.203817682502734,0.294715149461021
"iphlppl_r","~1","","Norway",10,".p14.",4.863,0.0233792526338243,208.02464031078,0,4.81763812673841,4.90928311303392,".p14.",5.023,0.0191662324090617,262.05587402781,0,4.98505866053572,5.06018891101789
"iplylfr_r","~1","","Norway",10,".p15.",5.114,0.0202368439501724,252.688485447536,0,5.0739539627041,5.15328093331029,".p15.",5.256,0.0168331722318731,312.225861052608,0,5.22275928302339,5.28874410566345
"ipeqopt_r","~1","","Norway",10,".p16.",4.793,0.0213526151768782,224.481006765681,0,4.75140619526334,4.83510690870819,".p16.",4.928,0.0179134163745963,275.083095621639,0,4.89256837854902,4.96278768041758
"ipudrst_r","~1","","Norway",10,".p17.",4.629,0.0228184626267529,202.874635836837,0,4.58456393082798,4.67401066068999,".p17.",4.772,0.0199661494551391,238.99204768332,0,4.73261800879288,4.81088387647691
"impenv_r","~1","","Norway",10,".p18.",4.843,0.020447782196205,236.843033432203,0,4.8028378456419,4.88299167897847,".p18.",5.108,0.0175901696862416,290.36781210491,0,5.07314298728109,5.14209518541506
"Benev","~1","","Norway",10,"",NA,0.0305405004079255,0.827233785506807,0.408104565604207,-0.0345941471056443,0.0851224146330851,"",-0.076,0.0268250607854361,-2.84177174766794,0.0044863599023679,-0.12880685289208,-0.0236545468469751
"Unive","~1","","Norway",10,"",-0.06,0.027659972135579,-2.18488480984727,0.0288972935477005,-0.114646402158942,-0.00622130376070899,"",-0.171,0.0255383779977233,-6.68556307279239,2.30038210702332e-11,-0.2207927379797,-0.120684135781485
"Benev","=~","iphlppl_r","Poland",11,"",NA,0,NA,NA,1,1,"",NA,0,NA,NA,1,1
"Benev","=~","iplylfr_r","Poland",11,".p2.",0.862,0.0136103318005573,63.3673732108656,0,0.835775214582892,0.889126734876357,".p2.",0.883,0.01317319860059,67.0207398445599,0,0.857058521512514,0.908696511149214
"Unive","=~","ipeqopt_r","Poland",11,"",NA,0,NA,NA,1,1,"",NA,0,NA,NA,1,1
"Unive","=~","ipudrst_r","Poland",11,".p4.",1.08,0.0204775822701508,52.7385860900557,0,1.0398234117306,1.1200940592105,".p4.",1.131,0.0208663609263025,54.188930502047,0,1.08982846616207,1.17162309797
"Unive","=~","impenv_r","Poland",11,".p5.",0.951,0.0192213744019469,49.490230099638,0,0.913597040422467,0.988943443544819,".p5.",1.003,0.0195562210628974,51.3059374028638,0,0.965020764732597,1.04167974264656
"Benev","~~","Unive","Poland",11,"",0.314,0.0176971484291014,17.766898278205,0,0.279737662404042,0.349109209504239,"",0.43,0.0233687067620934,18.3982198570164,0,0.38414078116416,0.475744428402121
"iphlppl_r","~~","iphlppl_r","Poland",11,"",0.439,0.0266255205851634,16.5045194971069,0,0.3872563622019,0.491626485035001,"",0.584,0.0357324385786722,16.3438780014205,0,0.513972324129082,0.654040909517057
"iplylfr_r","~~","iplylfr_r","Poland",11,"",0.352,0.0205885515266483,17.0779656238662,0,0.311257755731219,0.391963394703374,"",0.54,0.0334445966819483,16.1603917318967,0,0.474927578721492,0.606027988669666
"ipeqopt_r","~~","ipeqopt_r","Poland",11,"",0.586,0.033368277223525,17.5725572135873,0,0.520965339044979,0.651766582213494,"",0.803,0.0441053174872622,18.2039558593515,0,0.716446418899065,0.889336086502542
"ipudrst_r","~~","ipudrst_r","Poland",11,"",0.655,0.033831721840597,19.3551112177833,0,0.588507782571317,0.721125695256411,"",0.761,0.0443438980880268,17.1638981323957,0,0.674201706389582,0.848026592762876
"impenv_r","~~","impenv_r","Poland",11,"",0.487,0.0286926624459943,16.9842827168912,0,0.431087705868382,0.543560875897809,"",0.621,0.0350098988642398,17.7379487268392,0,0.552385650109412,0.689621931862012
"Benev","~~","Benev","Poland",11,"",0.372,0.0262029232681017,14.213039082185,0,0.321066386581878,0.42377995837217,"",0.467,0.0344961935592458,13.5347084067318,0,0.399284623986726,0.534507217946414
"Unive","~~","Unive","Poland",11,"",0.3,0.0209139902478081,14.3569006276805,0,0.259269412057334,0.341250747374785,"",0.358,0.0265277859516074,13.4839382026515,0,0.305705521369902,0.409692531479378
"iphlppl_r","~1","","Poland",11,".p14.",4.863,0.0233792526338243,208.02464031078,0,4.8176381267384,4.90928311303392,".p14.",5.023,0.0191662324090617,262.05587402781,0,4.98505866053572,5.06018891101789
"iplylfr_r","~1","","Poland",11,".p15.",5.114,0.0202368439501725,252.688485447535,0,5.0739539627041,5.15328093331029,".p15.",5.256,0.0168331722318731,312.225861052608,0,5.22275928302339,5.28874410566345
"ipeqopt_r","~1","","Poland",11,".p16.",4.793,0.0213526151768782,224.48100676568,0,4.75140619526334,4.83510690870819,".p16.",4.928,0.0179134163745963,275.083095621639,0,4.89256837854902,4.96278768041758
"ipudrst_r","~1","","Poland",11,".p17.",4.629,0.022818462626753,202.874635836837,0,4.58456393082798,4.67401066068999,".p17.",4.772,0.0199661494551391,238.99204768332,0,4.73261800879288,4.81088387647691
"impenv_r","~1","","Poland",11,".p18.",4.843,0.020447782196205,236.843033432203,0,4.80283784564191,4.88299167897847,".p18.",5.108,0.0175901696862416,290.36781210491,0,5.07314298728109,5.14209518541506
"Benev","~1","","Poland",11,"",-0.076,0.0301129184755599,-2.52123983931458,0.0116942114570049,-0.134942125420102,-0.0169016540571254,"",-0.461,0.0303624485161903,-15.1715345794579,0,-0.520154243154577,-0.401135632006208
"Unive","~1","","Poland",11,"",0.11,0.0271125423458956,4.06675342650254,4.76726375091552e-05,0.0571204179590937,0.163399631013639,"",-0.25,0.0267547990093174,-9.33386279944891,0,-0.30216406565167,-0.19728718070793
"Benev","=~","iphlppl_r","Slovenia",12,"",NA,0,NA,NA,1,1,"",NA,0,NA,NA,1,1
"Benev","=~","iplylfr_r","Slovenia",12,".p2.",0.862,0.0136103318005572,63.3673732108657,0,0.835775214582892,0.889126734876357,".p2.",0.883,0.01317319860059,67.02073984456,0,0.857058521512515,0.908696511149215
"Unive","=~","ipeqopt_r","Slovenia",12,"",NA,0,NA,NA,1,1,"",NA,0,NA,NA,1,1
"Unive","=~","ipudrst_r","Slovenia",12,".p4.",1.08,0.0204775822701508,52.7385860900557,0,1.0398234117306,1.1200940592105,".p4.",1.131,0.0208663609263025,54.188930502047,0,1.08982846616207,1.17162309797
"Unive","=~","impenv_r","Slovenia",12,".p5.",0.951,0.0192213744019469,49.490230099638,0,0.913597040422468,0.98894344354482,".p5.",1.003,0.0195562210628974,51.3059374028639,0,0.965020764732598,1.04167974264656
"Benev","~~","Unive","Slovenia",12,"",0.214,0.020624423767677,10.3763576441225,0,0.173583269430818,0.254429525003895,"",0.148,0.0133155678930469,11.0893499883706,0,0.121562959155837,0.173759026163977
"iphlppl_r","~~","iphlppl_r","Slovenia",12,"",0.298,0.0277994345989096,10.7325915151256,0,0.243874085297107,0.352845866505986,"",0.397,0.0402007912156323,9.86938474053973,0,0.317964972448532,0.475549178313839
"iplylfr_r","~~","iplylfr_r","Slovenia",12,"",0.673,0.0402224529205107,16.74296903766,0,0.594608724772788,0.752277842960906,"",0.652,0.0421814768426846,15.4674392617994,0,0.569765255610851,0.735113606463595
"ipeqopt_r","~~","ipeqopt_r","Slovenia",12,"",0.583,0.0447249265854195,13.0315606831946,0,0.495176349530696,0.670494840167936,"",0.582,0.0468883295211304,12.4220854314404,0,0.490551397892351,0.674350272205674
"ipudrst_r","~~","ipudrst_r","Slovenia",12,"",0.718,0.046610965029096,15.4048350019794,0,0.626678412814572,0.80939003829794,"",0.601,0.0465105768978223,12.921356369864,0,0.509820683444812,0.692138794684636
"impenv_r","~~","impenv_r","Slovenia",12,"",0.468,0.0318975254846299,14.6811596161843,0,0.405774661855335,0.530810664146981,"",0.47,0.0339562174075805,13.8542838449892,0,0.403886111096713,0.536992037436852
"Benev","~~","Benev","Slovenia",12,"",0.299,0.0318132181861974,9.40488754186544,0,0.236846977508753,0.361552501263276,"",0.173,0.0269793259453284,6.41776822270286,1.38286493367445e-10,0.120268553541861,0.226025567901882
"Unive","~~","Unive","Slovenia",12,"",0.169,0.0203959387668695,8.27462870718945,2.22044604925031e-16,0.128793515016468,0.208744125844365,"",0.129,0.0156539029717505,8.22256454802533,2.22044604925031e-16,0.0980341415716283,0.159396313655859
"iphlppl_r","~1","","Slovenia",12,".p14.",4.863,0.0233792526338243,208.02464031078,0,4.8176381267384,4.90928311303392,".p14.",5.023,0.0191662324090617,262.05587402781,0,4.98505866053572,5.06018891101789
"iplylfr_r","~1","","Slovenia",12,".p15.",5.114,0.0202368439501724,252.688485447536,0,5.0739539627041,5.15328093331029,".p15.",5.256,0.0168331722318731,312.225861052608,0,5.22275928302339,5.28874410566345
"ipeqopt_r","~1","","Slovenia",12,".p16.",4.793,0.0213526151768781,224.481006765681,0,4.75140619526334,4.83510690870819,".p16.",4.928,0.0179134163745963,275.083095621639,0,4.89256837854902,4.96278768041758
"ipudrst_r","~1","","Slovenia",12,".p17.",4.629,0.022818462626753,202.874635836837,0,4.58456393082798,4.67401066068999,".p17.",4.772,0.0199661494551391,238.992047683319,0,4.73261800879288,4.81088387647691
"impenv_r","~1","","Slovenia",12,".p18.",4.843,0.0204477821962051,236.843033432202,0,4.80283784564191,4.88299167897847,".p18.",5.108,0.0175901696862416,290.36781210491,0,5.07314298728109,5.14209518541506
"Benev","~1","","Slovenia",12,"",0.118,0.0307882899745074,3.81716348823076,0.000134994722949866,0.0571799968601408,0.177867875851361,"",NA,0.0264755470311734,0.131391779765792,0.895465391086569,-0.0484124494073974,0.055369787896795
"Unive","~1","","Slovenia",12,"",0.306,0.0269459316807039,11.369513656496,0,0.253549082606715,0.359175193854828,"",0.196,0.0230460201765812,8.5028416484622,0,0.150787290655652,0.241126029721817
"Benev","=~","iphlppl_r","Switzerland",13,"",NA,0,NA,NA,1,1,"",NA,0,NA,NA,1,1
"Benev","=~","iplylfr_r","Switzerland",13,".p2.",0.862,0.0136103318005573,63.3673732108656,0,0.835775214582891,0.889126734876356,".p2.",0.883,0.01317319860059,67.0207398445599,0,0.857058521512514,0.908696511149214
"Unive","=~","ipeqopt_r","Switzerland",13,"",NA,0,NA,NA,1,1,"",NA,0,NA,NA,1,1
"Unive","=~","ipudrst_r","Switzerland",13,".p4.",1.08,0.0204775822701508,52.7385860900557,0,1.0398234117306,1.1200940592105,".p4.",1.131,0.0208663609263025,54.188930502047,0,1.08982846616207,1.17162309797
"Unive","=~","impenv_r","Switzerland",13,".p5.",0.951,0.0192213744019469,49.490230099638,0,0.913597040422467,0.988943443544819,".p5.",1.003,0.0195562210628974,51.3059374028639,0,0.965020764732597,1.04167974264656
"Benev","~~","Unive","Switzerland",13,"",0.197,0.0152024947378792,12.935756613572,0,0.166859429686912,0.226452114009718,"",0.215,0.0161384153909055,13.3470233258188,0,0.183769093730447,0.24703051959789
"iphlppl_r","~~","iphlppl_r","Switzerland",13,"",0.381,0.0246360518440086,15.454396136911,0,0.332449530111268,0.429021078782305,"",0.404,0.0285107057697599,14.1766065491985,0,0.348305101655303,0.460065014620398
"iplylfr_r","~~","iplylfr_r","Switzerland",13,"",0.299,0.0204507376991316,14.6148477968072,0,0.258801709457661,0.338967128152808,"",0.338,0.0295910832927932,11.4273795236264,0,0.280151081784588,0.396145996819388
"ipeqopt_r","~~","ipeqopt_r","Switzerland",13,"",0.878,0.0525694467526374,16.6987548210756,0,0.774810080079516,0.980878524724246,"",0.872,0.0461146221958357,18.9177815397568,0,0.782003349824732,0.962769347153751
"ipudrst_r","~~","ipudrst_r","Switzerland",13,"",0.557,0.0369397093933515,15.087050325467,0,0.484910754615277,0.629711754635967,"",0.52,0.0307860871248103,16.9053349746252,0,0.460109493413375,0.580788737392456
"impenv_r","~~","impenv_r","Switzerland",13,"",0.622,0.0315093484292343,19.743327306019,0,0.560342191140147,0.683856567335393,"",0.545,0.0327286500644965,16.6594223311457,0,0.4810934283637,0.609387379141756
"Benev","~~","Benev","Switzerland",13,"",0.232,0.0204425514733149,11.3385794715296,0,0.191722829841213,0.27185615912082,"",0.265,0.0240125978836588,11.0360286560562,0,0.2179398913232,0.312067545377628
"Unive","~~","Unive","Switzerland",13,"",0.205,0.0195616011482227,10.4671897026578,0,0.166414956375722,0.24309502383663,"",0.203,0.0170234577499143,11.8976249806312,0,0.169173352099929,0.235904080264271
"iphlppl_r","~1","","Switzerland",13,".p14.",4.863,0.0233792526338244,208.02464031078,0,4.81763812673841,4.90928311303392,".p14.",5.023,0.0191662324090617,262.05587402781,0,4.98505866053571,5.06018891101788
"iplylfr_r","~1","","Switzerland",13,".p15.",5.114,0.0202368439501724,252.688485447536,0,5.0739539627041,5.15328093331029,".p15.",5.256,0.0168331722318731,312.225861052608,0,5.22275928302339,5.28874410566345
"ipeqopt_r","~1","","Switzerland",13,".p16.",4.793,0.0213526151768782,224.481006765681,0,4.75140619526334,4.83510690870819,".p16.",4.928,0.0179134163745962,275.08309562164,0,4.89256837854903,4.96278768041758
"ipudrst_r","~1","","Switzerland",13,".p17.",4.629,0.0228184626267529,202.874635836837,0,4.58456393082798,4.67401066069,".p17.",4.772,0.0199661494551391,238.99204768332,0,4.73261800879288,4.81088387647691
"impenv_r","~1","","Switzerland",13,".p18.",4.843,0.020447782196205,236.843033432203,0,4.8028378456419,4.88299167897847,".p18.",5.108,0.0175901696862416,290.36781210491,0,5.07314298728109,5.14209518541506
"Benev","~1","","Switzerland",13,"",0.296,0.0287718281249302,10.2885007273768,0,0.239627227697065,0.352410721485545,"",0.098,0.0258832761724164,3.80089625966915,0.000144173657558033,0.0476493584918814,0.149109936691561
"Unive","~1","","Switzerland",13,"",0.245,0.0268744683514706,9.11075882312088,0,0.1921738095773,0.297519789722388,"",0.081,0.0235333008477989,3.42288584143891,0.000619600929646191,0.0344273801752215,0.126676224373285
"Benev","=~","iphlppl_r","United Kingdom",14,"",NA,0,NA,NA,1,1,"",NA,0,NA,NA,1,1
"Benev","=~","iplylfr_r","United Kingdom",14,".p2.",0.862,0.0136103318005573,63.3673732108656,0,0.835775214582892,0.889126734876356,".p2.",0.883,0.01317319860059,67.02073984456,0,0.857058521512515,0.908696511149214
"Unive","=~","ipeqopt_r","United Kingdom",14,"",NA,0,NA,NA,1,1,"",NA,0,NA,NA,1,1
"Unive","=~","ipudrst_r","United Kingdom",14,".p4.",1.08,0.0204775822701508,52.7385860900558,0,1.0398234117306,1.1200940592105,".p4.",1.131,0.0208663609263025,54.188930502047,0,1.08982846616207,1.17162309797
"Unive","=~","impenv_r","United Kingdom",14,".p5.",0.951,0.0192213744019469,49.490230099638,0,0.913597040422467,0.988943443544819,".p5.",1.003,0.0195562210628974,51.3059374028639,0,0.965020764732597,1.04167974264656
"Benev","~~","Unive","United Kingdom",14,"",0.28,0.0212221032193946,13.1736715870539,0,0.237978460212658,0.321167576185068,"",0.251,0.0169849089602703,14.7836443332004,0,0.217809043257603,0.284388662943246
"iphlppl_r","~~","iphlppl_r","United Kingdom",14,"",0.438,0.0308160489789519,14.2028732073949,0,0.377278090256359,0.498074782545495,"",0.414,0.0303317929134566,13.6477054481441,0,0.354510153700057,0.473408597093862
"iplylfr_r","~~","iplylfr_r","United Kingdom",14,"",0.551,0.0360320961703562,15.2988614449487,0,0.480628436099966,0.621871657662729,"",0.558,0.0319943819251234,17.4416687616449,0,0.495327575490702,0.620743248052424
"ipeqopt_r","~~","ipeqopt_r","United Kingdom",14,"",0.936,0.0489188393935384,19.1354387467533,0,0.84020429140048,1.03196261815415,"",0.898,0.0477928246121549,18.7916563948128,0,0.804434123289906,0.991778553208432
"ipudrst_r","~~","ipudrst_r","United Kingdom",14,"",0.683,0.043620673770755,15.6555965856806,0,0.597412721778468,0.768402620922569,"",0.695,0.0398774090550611,17.4174378973868,0,0.616404010180526,0.772720581269908
"impenv_r","~~","impenv_r","United Kingdom",14,"",0.993,0.0474592256714965,20.91573032622,0,0.899625992585947,1.08566273868653,"",0.901,0.0415783186087819,21.6600516812179,0,0.819096522873414,0.982080536895303
"Benev","~~","Benev","United Kingdom",14,"",0.422,0.0323858809964168,13.0450632748749,0,0.359000706450248,0.485951027171402,"",0.383,0.0285834860281746,13.4129490976733,0,0.327366239962137,0.439411446297789
"Unive","~~","Unive","United Kingdom",14,"",0.334,0.0259824507929137,12.8630002263742,0,0.283287602646811,0.385136938215202,"",0.279,0.0213348941233562,13.0654717679987,0,0.236934832746198,0.320566080937704
"iphlppl_r","~1","","United Kingdom",14,".p14.",4.863,0.0233792526338243,208.02464031078,0,4.8176381267384,4.90928311303392,".p14.",5.023,0.0191662324090617,262.05587402781,0,4.98505866053572,5.06018891101789
"iplylfr_r","~1","","United Kingdom",14,".p15.",5.114,0.0202368439501724,252.688485447536,0,5.0739539627041,5.15328093331029,".p15.",5.256,0.0168331722318731,312.225861052608,0,5.22275928302339,5.28874410566345
"ipeqopt_r","~1","","United Kingdom",14,".p16.",4.793,0.0213526151768782,224.48100676568,0,4.75140619526334,4.83510690870819,".p16.",4.928,0.0179134163745963,275.083095621639,0,4.89256837854903,4.96278768041758
"ipudrst_r","~1","","United Kingdom",14,".p17.",4.629,0.022818462626753,202.874635836837,0,4.58456393082798,4.67401066068999,".p17.",4.772,0.0199661494551391,238.99204768332,0,4.73261800879288,4.81088387647691
"impenv_r","~1","","United Kingdom",14,".p18.",4.843,0.020447782196205,236.843033432203,0,4.8028378456419,4.88299167897847,".p18.",5.108,0.0175901696862416,290.36781210491,0,5.07314298728109,5.14209518541506
"Benev","~1","","United Kingdom",14,"",0.073,0.0312876382044918,2.32922504832836,0.0198471466128114,0.0115533065668142,0.134198594651061,"",NA,0.0268501340074417,-0.288835708673788,0.772707104584232,-0.0603805731186854,0.0448700181506342
"Unive","~1","","United Kingdom",14,"",NA,0.0284895811679034,0.946483309098285,0.343902131474835,-0.0288736399650999,0.0828034660823427,"",NA,0.0242069675913241,-1.91346591347681,0.0556884332057614,-0.0937639920085601,0.00112557729928693
